{"timestamps": [1527855379.084315], "initial_reset_timestamp": 1527855372.345826, "episode_types": ["t"], "episode_lengths": [200], "episode_rewards": [200.0]}