{"timestamps": [1527856109.549971], "initial_reset_timestamp": 1527856107.175409, "episode_types": ["t"], "episode_lengths": [39], "episode_rewards": [39.0]}