{"timestamps": [1527856177.875985], "initial_reset_timestamp": 1527856170.783023, "episode_types": ["t"], "episode_lengths": [200], "episode_rewards": [200.0]}