{"timestamps": [1527855210.23863], "initial_reset_timestamp": 1527855202.962221, "episode_types": ["t"], "episode_lengths": [200], "episode_rewards": [200.0]}