{"timestamps": [1527856330.229873], "initial_reset_timestamp": 1527856323.178703, "episode_types": ["t"], "episode_lengths": [200], "episode_rewards": [200.0]}