{"timestamps": [1527855142.578178], "initial_reset_timestamp": 1527855140.898131, "episode_types": ["t"], "episode_lengths": [19], "episode_rewards": [19.0]}