{"timestamps": [1522944220.605405], "initial_reset_timestamp": 1522944218.653809, "episode_types": ["t"], "episode_lengths": [1016], "episode_rewards": [-21.0]}