{"timestamps": [1522944024.117882], "initial_reset_timestamp": 1522944022.383026, "episode_types": ["t"], "episode_lengths": [1023], "episode_rewards": [-21.0]}