{"timestamps": [1522947078.027115], "initial_reset_timestamp": 1522947076.114849, "episode_types": ["t"], "episode_lengths": [1009], "episode_rewards": [-21.0]}