{"timestamps": [1522944835.886444], "initial_reset_timestamp": 1522944834.203845, "episode_types": ["t"], "episode_lengths": [1021], "episode_rewards": [-21.0]}