{"timestamps": [1522946932.522857], "initial_reset_timestamp": 1522946930.675585, "episode_types": ["t"], "episode_lengths": [1019], "episode_rewards": [-21.0]}