{"timestamps": [1522943677.192857], "initial_reset_timestamp": 1522943675.182259, "episode_types": ["t"], "episode_lengths": [1015], "episode_rewards": [-21.0]}