{"timestamps": [1522945950.794051], "initial_reset_timestamp": 1522945948.855899, "episode_types": ["t"], "episode_lengths": [1033], "episode_rewards": [-21.0]}