{"timestamps": [1522944010.603346], "initial_reset_timestamp": 1522944008.644999, "episode_types": ["t"], "episode_lengths": [1019], "episode_rewards": [-21.0]}