{"timestamps": [1522945015.738374], "initial_reset_timestamp": 1522945013.874583, "episode_types": ["t"], "episode_lengths": [1001], "episode_rewards": [-21.0]}