{"timestamps": [1522944339.262339], "initial_reset_timestamp": 1522944337.276799, "episode_types": ["t"], "episode_lengths": [1016], "episode_rewards": [-21.0]}