{"timestamps": [1522943712.26879], "initial_reset_timestamp": 1522943710.678247, "episode_types": ["t"], "episode_lengths": [1018], "episode_rewards": [-21.0]}