{"timestamps": [1522943767.512678], "initial_reset_timestamp": 1522943765.573741, "episode_types": ["t"], "episode_lengths": [1014], "episode_rewards": [-21.0]}