{"timestamps": [1522943096.128455], "initial_reset_timestamp": 1522943094.251168, "episode_types": ["t"], "episode_lengths": [1101], "episode_rewards": [-21.0]}