{"timestamps": [1522942834.434092], "initial_reset_timestamp": 1522942832.656756, "episode_types": ["t"], "episode_lengths": [1093], "episode_rewards": [-21.0]}