{"timestamps": [1522944071.586206], "initial_reset_timestamp": 1522944069.606996, "episode_types": ["t"], "episode_lengths": [1012], "episode_rewards": [-21.0]}