{"timestamps": [1522944893.836025], "initial_reset_timestamp": 1522944891.894486, "episode_types": ["t"], "episode_lengths": [1010], "episode_rewards": [-21.0]}