{"initial_reset_timestamp": 1528287074.9019258, "timestamps": [1528287170.568149], "episode_lengths": [1000], "episode_rewards": [-9611.325914886711], "episode_types": ["t"]}