{"timestamps": [1523027558.853551], "initial_reset_timestamp": 1523027557.276642, "episode_types": ["t"], "episode_lengths": [1045], "episode_rewards": [-21.0]}