{"timestamps": [1527855848.744761], "initial_reset_timestamp": 1527855841.872897, "episode_types": ["t"], "episode_lengths": [200], "episode_rewards": [200.0]}