{"timestamps": [1527855782.244033], "initial_reset_timestamp": 1527855779.582496, "episode_types": ["t"], "episode_lengths": [48], "episode_rewards": [48.0]}