{"timestamps": [1527855534.506333], "initial_reset_timestamp": 1527855532.945101, "episode_types": ["t"], "episode_lengths": [38], "episode_rewards": [38.0]}