{"timestamps": [1527855440.721607], "initial_reset_timestamp": 1527855437.270374, "episode_types": ["t"], "episode_lengths": [68], "episode_rewards": [68.0]}